text,label
Download the NLTK package and import webtext.,PRE_REQUISITE
Discuss your findings with your group members during the lab. Visualise vectors using PCA after fine-tuning.,TECHNICAL_TASK
Please read the instructions carefully before starting.,IGNORE
Discuss your findings with your group members during the lab. Integrate a domain-specific dataset from Hugging Face.,TECH_STACK
Please read the instructions carefully before starting. Integrate a domain-specific dataset from Hugging Face.,TECH_STACK
"Good luck with your implementation. Implement association rule mining, classification, and clustering.",TECHNICAL_TASK
Discuss your findings with your group members during the lab.,IGNORE
Visualise vectors using PCA after fine-tuning.,TECHNICAL_TASK
This exercise is designed to test your understanding of Unit 2. Submit a PDF report containing the methodology and results.,ADMIN_TRAP
Final project must include a full pipeline from preprocessing to evaluation.,ADMIN_TRAP
Discuss your findings with your group members during the lab. Submit a PDF report containing the methodology and results.,ADMIN_TRAP
Integrate a domain-specific dataset from Hugging Face.,TECH_STACK
Welcome to the second semester of the computer science program.,IGNORE
Perform thorough evaluation using confusion matrices and F1-scores.,WEIGHTED_PRIORITY
Welcome to the second semester of the computer science program. Integrate a domain-specific dataset from Hugging Face.,TECH_STACK
Welcome to the second semester of the computer science program. Perform thorough evaluation using confusion matrices and F1-scores.,WEIGHTED_PRIORITY
Discuss your findings with your group members during the lab. Perform thorough evaluation using confusion matrices and F1-scores.,WEIGHTED_PRIORITY
Welcome to the second semester of the computer science program. Download the NLTK package and import webtext.,PRE_REQUISITE
"Discuss your findings with your group members during the lab. Implement association rule mining, classification, and clustering.",TECHNICAL_TASK
Please read the instructions carefully before starting. Visualise vectors using PCA after fine-tuning.,TECHNICAL_TASK
Please read the instructions carefully before starting. Download the NLTK package and import webtext.,PRE_REQUISITE
"Implement association rule mining, classification, and clustering.",TECHNICAL_TASK
Good luck with your implementation.,IGNORE
Discuss your findings with your group members during the lab. Final project must include a full pipeline from preprocessing to evaluation.,ADMIN_TRAP
Good luck with your implementation. Perform thorough evaluation using confusion matrices and F1-scores.,WEIGHTED_PRIORITY
Good luck with your implementation. Integrate a domain-specific dataset from Hugging Face.,TECH_STACK
Welcome to the second semester of the computer science program. Final project must include a full pipeline from preprocessing to evaluation.,ADMIN_TRAP
This exercise is designed to test your understanding of Unit 2.,IGNORE
"Please read the instructions carefully before starting. Implement association rule mining, classification, and clustering.",TECHNICAL_TASK
Discuss your findings with your group members during the lab. Download the NLTK package and import webtext.,PRE_REQUISITE
Submit a PDF report containing the methodology and results.,ADMIN_TRAP
Please read the instructions carefully before starting. Final project must include a full pipeline from preprocessing to evaluation.,ADMIN_TRAP
Good luck with your implementation. Download the NLTK package and import webtext.,PRE_REQUISITE
This exercise is designed to test your understanding of Unit 2. Perform thorough evaluation using confusion matrices and F1-scores.,WEIGHTED_PRIORITY
Good luck with your implementation. Visualise vectors using PCA after fine-tuning.,TECHNICAL_TASK
This exercise is designed to test your understanding of Unit 2. Visualise vectors using PCA after fine-tuning.,TECHNICAL_TASK
Welcome to the second semester of the computer science program. Submit a PDF report containing the methodology and results.,ADMIN_TRAP
This exercise is designed to test your understanding of Unit 2. Download the NLTK package and import webtext.,PRE_REQUISITE
This exercise is designed to test your understanding of Unit 2. Integrate a domain-specific dataset from Hugging Face.,TECH_STACK
Good luck with your implementation. Final project must include a full pipeline from preprocessing to evaluation.,ADMIN_TRAP
"Welcome to the second semester of the computer science program. Implement association rule mining, classification, and clustering.",TECHNICAL_TASK
"This exercise is designed to test your understanding of Unit 2. Implement association rule mining, classification, and clustering.",TECHNICAL_TASK
Please read the instructions carefully before starting. Submit a PDF report containing the methodology and results.,ADMIN_TRAP
Good luck with your implementation. Submit a PDF report containing the methodology and results.,ADMIN_TRAP
Welcome to the second semester of the computer science program. Visualise vectors using PCA after fine-tuning.,TECHNICAL_TASK
Please read the instructions carefully before starting. Perform thorough evaluation using confusion matrices and F1-scores.,WEIGHTED_PRIORITY
This exercise is designed to test your understanding of Unit 2. Final project must include a full pipeline from preprocessing to evaluation.,ADMIN_TRAP
Warning: Submissions in .docx format will not be graded.,ADMIN_TRAP
Perform Analyze on the raw text to Analyze the result.,TECHNICAL_TASK
This section is weighted at 5% of your final grade.,WEIGHTED_PRIORITY
Ensure your name and section are in ALL CAPS at the top of the intermediate pad.,ADMIN_TRAP
Modify the existing code to Design a sarcastic response.,TECHNICAL_TASK
Maximum of 20 points for a correct DistilBERT weights implementation.,WEIGHTED_PRIORITY
Use short white folder for all manual calculations or you will lose points.,ADMIN_TRAP
Generate a Euclidean distance and explain the results in your report.,TECHNICAL_TASK
This section is weighted at 10% of your final grade.,WEIGHTED_PRIORITY
Ensure your name and section are in ALL CAPS at the top of the long folder.,ADMIN_TRAP
Use RegEx patterns to compare the similarity between Doc A and Doc B.,TECHNICAL_TASK
Maximum of 20 points for a correct cosine similarity implementation.,WEIGHTED_PRIORITY
Write a Python script to Design the cosine similarity.,TECHNICAL_TASK
Maximum of 5 points for a correct cosine similarity implementation.,WEIGHTED_PRIORITY
Note: Submit to your work in a yellow pad.,ADMIN_TRAP
Apply Compute techniques to handle the imbalanced data.,TECHNICAL_TASK
Bonus! (20 points): Add CNN architecture to your final output.,WEIGHTED_PRIORITY
Use long folder for all manual calculations or you will lose points.,ADMIN_TRAP
Visualize the RegEx patterns using the provided dataset.,TECHNICAL_TASK
Bonus! (5 points): Add Euclidean distance to your final output.,WEIGHTED_PRIORITY
The deadline is strictly 5:00 PM; the Messenger group chat link will expire.,ADMIN_TRAP
Use Euclidean distance to compare the similarity between Doc A and Doc B.,TECHNICAL_TASK
Part 3: Optimize the following (worth 15 pts).,WEIGHTED_PRIORITY
Note: Pass at your work in a intermediate pad.,ADMIN_TRAP
Perform Compute on the raw text to Compute the result.,TECHNICAL_TASK
Maximum of 50 points for a correct TF-IDF matrix implementation.,WEIGHTED_PRIORITY
Strictly no late submissions via the faculty room.,ADMIN_TRAP
Maximum of 5 points for a correct DistilBERT weights implementation.,WEIGHTED_PRIORITY
Staple the yellow pad at the top-left corner before Turn in at.,ADMIN_TRAP
Generate a TF-IDF matrix and explain the results in your report.,TECHNICAL_TASK
Part 2: Analyze the following (worth 10 pts).,WEIGHTED_PRIORITY
Note: Hand over to your work in a intermediate pad.,ADMIN_TRAP
Perform Extract on the raw text to Extract the result.,TECHNICAL_TASK
(10 points) Implement the Euclidean distance.,WEIGHTED_PRIORITY
Apply Implement techniques to handle the imbalanced data.,TECHNICAL_TASK
Part 1: Optimize the following (worth 15 pts).,WEIGHTED_PRIORITY
Warning: Submissions in .png format will not be graded.,ADMIN_TRAP
Generate a CNN architecture and explain the results in your report.,TECHNICAL_TASK
Part 5: Design the following (worth 15 pts).,WEIGHTED_PRIORITY
Staple the A4 bond paper at the top-left corner before Turn in at.,ADMIN_TRAP
Part 4: Optimize the following (worth 10 pts).,WEIGHTED_PRIORITY
Strictly no late submissions via LMS.,ADMIN_TRAP
Generate a cosine similarity and explain the results in your report.,TECHNICAL_TASK
Bonus! (10 points): Add RegEx patterns to your final output.,WEIGHTED_PRIORITY
Filenames must follow: SURNAME_FIRSTNAME_7.pdf,ADMIN_TRAP
(20 points) Analyze the TF-IDF matrix.,WEIGHTED_PRIORITY
Use A4 bond paper for all manual calculations or you will lose points.,ADMIN_TRAP
Write a Python script to Analyze the DistilBERT weights.,TECHNICAL_TASK
(20 points) Compute the CNN architecture.,WEIGHTED_PRIORITY
Staple the long folder at the top-left corner before Hand over to.,ADMIN_TRAP
Modify the existing code to Calculate a sarcastic response.,TECHNICAL_TASK
This section is weighted at 50% of your final grade.,WEIGHTED_PRIORITY
The deadline is strictly midnight; the the faculty room link will expire.,ADMIN_TRAP
Bonus! (50 points): Add TF-IDF matrix to your final output.,WEIGHTED_PRIORITY
Strictly no late submissions via Messenger group chat.,ADMIN_TRAP
(10 points) Compute the DistilBERT weights.,WEIGHTED_PRIORITY
Note: Submit to your work in a one whole sheet of paper.,ADMIN_TRAP
Perform Calculate on the raw text to Calculate the result.,TECHNICAL_TASK
This section is weighted at 20% of your final grade.,WEIGHTED_PRIORITY
The deadline is strictly 5:00 PM; the the faculty room link will expire.,ADMIN_TRAP
Write a Python script to Implement the cosine similarity.,TECHNICAL_TASK
Bonus! (20 points): Add TF-IDF matrix to your final output.,WEIGHTED_PRIORITY
Use one whole sheet of paper for all manual calculations or you will lose points.,ADMIN_TRAP
Use DistilBERT weights to compare the similarity between Doc A and Doc B.,TECHNICAL_TASK
(5 points) Analyze the cosine similarity.,WEIGHTED_PRIORITY
Ensure your name and section are in ALL CAPS at the top of the short white folder.,ADMIN_TRAP
(10 points) Design the cosine similarity.,WEIGHTED_PRIORITY
Note: Upload via your work in a short white folder.,ADMIN_TRAP
Maximum of 5 points for a correct TF-IDF matrix implementation.,WEIGHTED_PRIORITY
The deadline is strictly 5:00 PM; the LMS link will expire.,ADMIN_TRAP
Apply Calculate techniques to handle the imbalanced data.,TECHNICAL_TASK
Part 1: Analyze the following (worth 15 pts).,WEIGHTED_PRIORITY
The deadline is strictly start of class; the the faculty room link will expire.,ADMIN_TRAP
Part 5: Extract the following (worth 50 pts).,WEIGHTED_PRIORITY
Ensure your name and section are in ALL CAPS at the top of the A4 bond paper.,ADMIN_TRAP
Staple the short white folder at the top-left corner before Hand over to.,ADMIN_TRAP
Maximum of 20 points for a correct TF-IDF matrix implementation.,WEIGHTED_PRIORITY
(20 points) Analyze the CNN architecture.,WEIGHTED_PRIORITY
Ensure your name and section are in ALL CAPS at the top of the one whole sheet of paper.,ADMIN_TRAP
Optimize the CNN architecture using the provided dataset.,TECHNICAL_TASK
Bonus! (10 points): Add cosine similarity to your final output.,WEIGHTED_PRIORITY
Perform Visualize on the raw text to Visualize the result.,TECHNICAL_TASK
Bonus! (20 points): Add RegEx patterns to your final output.,WEIGHTED_PRIORITY
Staple the A4 bond paper at the top-left corner before Hand over to.,ADMIN_TRAP
Part 2: Implement the following (worth 10 pts).,WEIGHTED_PRIORITY
Staple the short white folder at the top-left corner before Upload via.,ADMIN_TRAP
Apply Optimize techniques to handle the imbalanced data.,TECHNICAL_TASK
Maximum of 15 points for a correct RegEx patterns implementation.,WEIGHTED_PRIORITY
Filenames must follow: SURNAME_FIRSTNAME_9.pdf,ADMIN_TRAP
Use cosine similarity to compare the similarity between Doc A and Doc B.,TECHNICAL_TASK
Part 5: Calculate the following (worth 50 pts).,WEIGHTED_PRIORITY
Note: Turn in at your work in a intermediate pad.,ADMIN_TRAP
Staple the short white folder at the top-left corner before Pass at.,ADMIN_TRAP
Optimize the RegEx patterns using the provided dataset.,TECHNICAL_TASK
Part 1: Extract the following (worth 15 pts).,WEIGHTED_PRIORITY
Write a Python script to Extract the DistilBERT weights.,TECHNICAL_TASK
Bonus! (50 points): Add DistilBERT weights to your final output.,WEIGHTED_PRIORITY
Modify the existing code to Analyze a sarcastic response.,TECHNICAL_TASK
Bonus! (50 points): Add CNN architecture to your final output.,WEIGHTED_PRIORITY
Staple the yellow pad at the top-left corner before Pass at.,ADMIN_TRAP
Generate a DistilBERT weights and explain the results in your report.,TECHNICAL_TASK
(5 points) Calculate the TF-IDF matrix.,WEIGHTED_PRIORITY
The deadline is strictly start of class; the the guard house link will expire.,ADMIN_TRAP
(50 points) Extract the RegEx patterns.,WEIGHTED_PRIORITY
(10 points) Calculate the CNN architecture.,WEIGHTED_PRIORITY
Staple the intermediate pad at the top-left corner before Hand over to.,ADMIN_TRAP
The deadline is strictly midnight; the LMS link will expire.,ADMIN_TRAP
Part 2: Analyze the following (worth 5 pts).,WEIGHTED_PRIORITY
Modify the existing code to Implement a sarcastic response.,TECHNICAL_TASK
Part 2: Extract the following (worth 50 pts).,WEIGHTED_PRIORITY
(5 points) Compute the cosine similarity.,WEIGHTED_PRIORITY
Perform Implement on the raw text to Implement the result.,TECHNICAL_TASK
Bonus! (10 points): Add CNN architecture to your final output.,WEIGHTED_PRIORITY
Filenames must follow: SURNAME_FIRSTNAME_10.pdf,ADMIN_TRAP
Maximum of 10 points for a correct TF-IDF matrix implementation.,WEIGHTED_PRIORITY
Bonus! (15 points): Add cosine similarity to your final output.,WEIGHTED_PRIORITY
(5 points) Implement the cosine similarity.,WEIGHTED_PRIORITY
Modify the existing code to Optimize a sarcastic response.,TECHNICAL_TASK
Bonus! (20 points): Add Euclidean distance to your final output.,WEIGHTED_PRIORITY
This section is weighted at 15% of your final grade.,WEIGHTED_PRIORITY
Extract the DistilBERT weights using the provided dataset.,TECHNICAL_TASK
(15 points) Compute the Euclidean distance.,WEIGHTED_PRIORITY
Staple the one whole sheet of paper at the top-left corner before Pass at.,ADMIN_TRAP
Maximum of 50 points for a correct cosine similarity implementation.,WEIGHTED_PRIORITY
Modify the existing code to Visualize a sarcastic response.,TECHNICAL_TASK
Bonus! (20 points): Add DistilBERT weights to your final output.,WEIGHTED_PRIORITY
Visualize the Euclidean distance using the provided dataset.,TECHNICAL_TASK
Bonus! (15 points): Add CNN architecture to your final output.,WEIGHTED_PRIORITY
(50 points) Optimize the RegEx patterns.,WEIGHTED_PRIORITY
Staple the A4 bond paper at the top-left corner before Pass at.,ADMIN_TRAP
Write a Python script to Optimize the CNN architecture.,TECHNICAL_TASK
Staple the A4 bond paper at the top-left corner before Submit to.,ADMIN_TRAP
Use TF-IDF matrix to compare the similarity between Doc A and Doc B.,TECHNICAL_TASK
(15 points) Implement the TF-IDF matrix.,WEIGHTED_PRIORITY
Warning: Submissions in .rar format will not be graded.,ADMIN_TRAP
(20 points) Visualize the CNN architecture.,WEIGHTED_PRIORITY
Part 3: Extract the following (worth 5 pts).,WEIGHTED_PRIORITY
Write a Python script to Optimize the cosine similarity.,TECHNICAL_TASK
The deadline is strictly start of class; the Google Classroom link will expire.,ADMIN_TRAP
Write a Python script to Design the RegEx patterns.,TECHNICAL_TASK
(20 points) Implement the DistilBERT weights.,WEIGHTED_PRIORITY
Filenames must follow: SURNAME_FIRSTNAME_5.pdf,ADMIN_TRAP
(20 points) Calculate the DistilBERT weights.,WEIGHTED_PRIORITY
Staple the long folder at the top-left corner before Submit to.,ADMIN_TRAP
(50 points) Visualize the DistilBERT weights.,WEIGHTED_PRIORITY
Bonus! (5 points): Add DistilBERT weights to your final output.,WEIGHTED_PRIORITY
Compute the TF-IDF matrix using the provided dataset.,TECHNICAL_TASK
Maximum of 10 points for a correct Euclidean distance implementation.,WEIGHTED_PRIORITY
Maximum of 15 points for a correct TF-IDF matrix implementation.,WEIGHTED_PRIORITY
Staple the yellow pad at the top-left corner before Submit to.,ADMIN_TRAP
(50 points) Compute the cosine similarity.,WEIGHTED_PRIORITY
Filenames must follow: SURNAME_FIRSTNAME_1.pdf,ADMIN_TRAP
Modify the existing code to Compute a sarcastic response.,TECHNICAL_TASK
(50 points) Design the TF-IDF matrix.,WEIGHTED_PRIORITY
Use yellow pad for all manual calculations or you will lose points.,ADMIN_TRAP
Maximum of 20 points for a correct Euclidean distance implementation.,WEIGHTED_PRIORITY
Filenames must follow: SURNAME_FIRSTNAME_2.pdf,ADMIN_TRAP
Part 5: Calculate the following (worth 20 pts).,WEIGHTED_PRIORITY
Apply Analyze techniques to handle the imbalanced data.,TECHNICAL_TASK
Maximum of 50 points for a correct DistilBERT weights implementation.,WEIGHTED_PRIORITY
Filenames must follow: SURNAME_FIRSTNAME_6.pdf,ADMIN_TRAP
(20 points) Analyze the cosine similarity.,WEIGHTED_PRIORITY
Staple the one whole sheet of paper at the top-left corner before Submit to.,ADMIN_TRAP
(5 points) Visualize the DistilBERT weights.,WEIGHTED_PRIORITY
The deadline is strictly 5:00 PM; the Google Classroom link will expire.,ADMIN_TRAP
Strictly no late submissions via the guard house.,ADMIN_TRAP
Part 3: Implement the following (worth 5 pts).,WEIGHTED_PRIORITY
Write a Python script to Extract the cosine similarity.,TECHNICAL_TASK
Generate a RegEx patterns and explain the results in your report.,TECHNICAL_TASK
(20 points) Calculate the cosine similarity.,WEIGHTED_PRIORITY
Note: Pass at your work in a yellow pad.,ADMIN_TRAP
Write a Python script to Compute the TF-IDF matrix.,TECHNICAL_TASK
(20 points) Visualize the TF-IDF matrix.,WEIGHTED_PRIORITY
Compute the DistilBERT weights using the provided dataset.,TECHNICAL_TASK
(50 points) Compute the Euclidean distance.,WEIGHTED_PRIORITY
Write a Python script to Calculate the TF-IDF matrix.,TECHNICAL_TASK
Design the DistilBERT weights using the provided dataset.,TECHNICAL_TASK
Bonus! (10 points): Add Euclidean distance to your final output.,WEIGHTED_PRIORITY
Maximum of 5 points for a correct RegEx patterns implementation.,WEIGHTED_PRIORITY
Strictly no late submissions via Google Classroom.,ADMIN_TRAP
Bonus! (15 points): Add TF-IDF matrix to your final output.,WEIGHTED_PRIORITY
Note: Submit to your work in a short white folder.,ADMIN_TRAP
(50 points) Optimize the DistilBERT weights.,WEIGHTED_PRIORITY
(15 points) Visualize the cosine similarity.,WEIGHTED_PRIORITY
Part 3: Design the following (worth 50 pts).,WEIGHTED_PRIORITY
Extract the RegEx patterns using the provided dataset.,TECHNICAL_TASK
Apply Extract techniques to handle the imbalanced data.,TECHNICAL_TASK
Part 5: Design the following (worth 20 pts).,WEIGHTED_PRIORITY
(20 points) Extract the Euclidean distance.,WEIGHTED_PRIORITY
(50 points) Optimize the cosine similarity.,WEIGHTED_PRIORITY
Write a Python script to Optimize the DistilBERT weights.,TECHNICAL_TASK
Part 3: Visualize the following (worth 10 pts).,WEIGHTED_PRIORITY
Maximum of 50 points for a correct Euclidean distance implementation.,WEIGHTED_PRIORITY
Analyze the CNN architecture using the provided dataset.,TECHNICAL_TASK
(50 points) Visualize the CNN architecture.,WEIGHTED_PRIORITY
Write a Python script to Design the CNN architecture.,TECHNICAL_TASK
Write a Python script to Compute the Euclidean distance.,TECHNICAL_TASK
Part 2: Compute the following (worth 50 pts).,WEIGHTED_PRIORITY
Perform Optimize on the raw text to Optimize the result.,TECHNICAL_TASK
Note: Pass at your work in a A4 bond paper.,ADMIN_TRAP
Bonus! (15 points): Add RegEx patterns to your final output.,WEIGHTED_PRIORITY
Note: Pass at your work in a long folder.,ADMIN_TRAP
Write a Python script to Implement the TF-IDF matrix.,TECHNICAL_TASK
The deadline is strictly 5:00 PM; the the guard house link will expire.,ADMIN_TRAP
Maximum of 10 points for a correct RegEx patterns implementation.,WEIGHTED_PRIORITY
Part 5: Design the following (worth 5 pts).,WEIGHTED_PRIORITY
Staple the A4 bond paper at the top-left corner before Upload via.,ADMIN_TRAP
Part 4: Visualize the following (worth 15 pts).,WEIGHTED_PRIORITY
Note: Upload via your work in a intermediate pad.,ADMIN_TRAP
Note: Upload via your work in a A4 bond paper.,ADMIN_TRAP
Visualize the DistilBERT weights using the provided dataset.,TECHNICAL_TASK
Part 3: Optimize the following (worth 50 pts).,WEIGHTED_PRIORITY
Part 1: Design the following (worth 50 pts).,WEIGHTED_PRIORITY
Implement the cosine similarity using the provided dataset.,TECHNICAL_TASK
Bonus! (5 points): Add RegEx patterns to your final output.,WEIGHTED_PRIORITY
The deadline is strictly midnight; the the guard house link will expire.,ADMIN_TRAP
Bonus! (10 points): Add DistilBERT weights to your final output.,WEIGHTED_PRIORITY
Staple the intermediate pad at the top-left corner before Submit to.,ADMIN_TRAP
Use CNN architecture to compare the similarity between Doc A and Doc B.,TECHNICAL_TASK
Note: Turn in at your work in a long folder.,ADMIN_TRAP
Maximum of 20 points for a correct RegEx patterns implementation.,WEIGHTED_PRIORITY
Note: Submit to your work in a intermediate pad.,ADMIN_TRAP
Part 1: Optimize the following (worth 20 pts).,WEIGHTED_PRIORITY
(15 points) Calculate the TF-IDF matrix.,WEIGHTED_PRIORITY
(20 points) Analyze the Euclidean distance.,WEIGHTED_PRIORITY
(10 points) Calculate the Euclidean distance.,WEIGHTED_PRIORITY
Use intermediate pad for all manual calculations or you will lose points.,ADMIN_TRAP
Bonus! (50 points): Add Euclidean distance to your final output.,WEIGHTED_PRIORITY
Bonus! (5 points): Add TF-IDF matrix to your final output.,WEIGHTED_PRIORITY
Part 1: Visualize the following (worth 20 pts).,WEIGHTED_PRIORITY
Ensure your name and section are in ALL CAPS at the top of the yellow pad.,ADMIN_TRAP
Analyze the Euclidean distance using the provided dataset.,TECHNICAL_TASK
Write a Python script to Optimize the Euclidean distance.,TECHNICAL_TASK
(5 points) Implement the DistilBERT weights.,WEIGHTED_PRIORITY
The deadline is strictly midnight; the Google Classroom link will expire.,ADMIN_TRAP
Design the TF-IDF matrix using the provided dataset.,TECHNICAL_TASK
Maximum of 50 points for a correct CNN architecture implementation.,WEIGHTED_PRIORITY
Part 3: Compute the following (worth 15 pts).,WEIGHTED_PRIORITY
(5 points) Optimize the cosine similarity.,WEIGHTED_PRIORITY
Write a Python script to Optimize the RegEx patterns.,TECHNICAL_TASK
(10 points) Analyze the cosine similarity.,WEIGHTED_PRIORITY
(50 points) Implement the DistilBERT weights.,WEIGHTED_PRIORITY
Staple the intermediate pad at the top-left corner before Turn in at.,ADMIN_TRAP
Write a Python script to Visualize the TF-IDF matrix.,TECHNICAL_TASK
(5 points) Compute the RegEx patterns.,WEIGHTED_PRIORITY
Modify the existing code to Extract a sarcastic response.,TECHNICAL_TASK
Write a Python script to Visualize the DistilBERT weights.,TECHNICAL_TASK
(10 points) Analyze the DistilBERT weights.,WEIGHTED_PRIORITY
Part 1: Implement the following (worth 20 pts).,WEIGHTED_PRIORITY
Note: Pass at your work in a short white folder.,ADMIN_TRAP
Filenames must follow: SURNAME_FIRSTNAME_3.pdf,ADMIN_TRAP
Design the Euclidean distance using the provided dataset.,TECHNICAL_TASK
Note: Turn in at your work in a one whole sheet of paper.,ADMIN_TRAP
(50 points) Extract the cosine similarity.,WEIGHTED_PRIORITY
Part 3: Compute the following (worth 20 pts).,WEIGHTED_PRIORITY
Staple the yellow pad at the top-left corner before Hand over to.,ADMIN_TRAP
(10 points) Calculate the TF-IDF matrix.,WEIGHTED_PRIORITY
Part 3: Compute the following (worth 50 pts).,WEIGHTED_PRIORITY
Write a Python script to Calculate the Euclidean distance.,TECHNICAL_TASK
(15 points) Implement the Euclidean distance.,WEIGHTED_PRIORITY
(10 points) Visualize the CNN architecture.,WEIGHTED_PRIORITY
Part 2: Calculate the following (worth 50 pts).,WEIGHTED_PRIORITY
Note: Turn in at your work in a short white folder.,ADMIN_TRAP
Part 4: Implement the following (worth 5 pts).,WEIGHTED_PRIORITY
Calculate the RegEx patterns using the provided dataset.,TECHNICAL_TASK
The deadline is strictly midnight; the Messenger group chat link will expire.,ADMIN_TRAP
Compute the Euclidean distance using the provided dataset.,TECHNICAL_TASK
Part 5: Analyze the following (worth 20 pts).,WEIGHTED_PRIORITY
Extract the CNN architecture using the provided dataset.,TECHNICAL_TASK
Maximum of 15 points for a correct Euclidean distance implementation.,WEIGHTED_PRIORITY
Filenames must follow: SURNAME_FIRSTNAME_8.pdf,ADMIN_TRAP
Write a Python script to Calculate the CNN architecture.,TECHNICAL_TASK
(50 points) Extract the DistilBERT weights.,WEIGHTED_PRIORITY
Filenames must follow: SURNAME_FIRSTNAME_4.pdf,ADMIN_TRAP
Part 1: Analyze the following (worth 50 pts).,WEIGHTED_PRIORITY
Bonus! (50 points): Add cosine similarity to your final output.,WEIGHTED_PRIORITY
Part 2: Design the following (worth 50 pts).,WEIGHTED_PRIORITY
Bonus! (5 points): Add CNN architecture to your final output.,WEIGHTED_PRIORITY
(15 points) Design the TF-IDF matrix.,WEIGHTED_PRIORITY
(15 points) Analyze the CNN architecture.,WEIGHTED_PRIORITY
(15 points) Design the cosine similarity.,WEIGHTED_PRIORITY
Note: Hand over to your work in a one whole sheet of paper.,ADMIN_TRAP
Part 5: Visualize the following (worth 50 pts).,WEIGHTED_PRIORITY
Note: Upload via your work in a yellow pad.,ADMIN_TRAP
Maximum of 5 points for a correct CNN architecture implementation.,WEIGHTED_PRIORITY
(20 points) Extract the DistilBERT weights.,WEIGHTED_PRIORITY
Part 4: Calculate the following (worth 10 pts).,WEIGHTED_PRIORITY
(50 points) Calculate the cosine similarity.,WEIGHTED_PRIORITY
Write a Python script to Implement the Euclidean distance.,TECHNICAL_TASK
(20 points) Compute the RegEx patterns.,WEIGHTED_PRIORITY
Perform Design on the raw text to Design the result.,TECHNICAL_TASK
Note: Submit to your work in a long folder.,ADMIN_TRAP
(10 points) Visualize the Euclidean distance.,WEIGHTED_PRIORITY
(5 points) Implement the TF-IDF matrix.,WEIGHTED_PRIORITY
Bonus! (10 points): Add TF-IDF matrix to your final output.,WEIGHTED_PRIORITY
Note: Submit to your work in a A4 bond paper.,ADMIN_TRAP
Part 1: Visualize the following (worth 5 pts).,WEIGHTED_PRIORITY
Design the cosine similarity using the provided dataset.,TECHNICAL_TASK
Bonus! (20 points): Add cosine similarity to your final output.,WEIGHTED_PRIORITY
Write a Python script to Calculate the DistilBERT weights.,TECHNICAL_TASK
Part 5: Analyze the following (worth 5 pts).,WEIGHTED_PRIORITY
The deadline is strictly start of class; the Messenger group chat link will expire.,ADMIN_TRAP
Write a Python script to Design the TF-IDF matrix.,TECHNICAL_TASK
(10 points) Visualize the RegEx patterns.,WEIGHTED_PRIORITY
Compute the CNN architecture using the provided dataset.,TECHNICAL_TASK
Note: Hand over to your work in a yellow pad.,ADMIN_TRAP
Maximum of 15 points for a correct DistilBERT weights implementation.,WEIGHTED_PRIORITY
Calculate the CNN architecture using the provided dataset.,TECHNICAL_TASK
Note: Pass at your work in a one whole sheet of paper.,ADMIN_TRAP
Implement the Euclidean distance using the provided dataset.,TECHNICAL_TASK
Part 3: Compute the following (worth 10 pts).,WEIGHTED_PRIORITY
(20 points) Extract the cosine similarity.,WEIGHTED_PRIORITY
Write a Python script to Calculate the cosine similarity.,TECHNICAL_TASK
(50 points) Design the Euclidean distance.,WEIGHTED_PRIORITY
Calculate the Euclidean distance using the provided dataset.,TECHNICAL_TASK
Part 2: Visualize the following (worth 10 pts).,WEIGHTED_PRIORITY
Part 3: Analyze the following (worth 50 pts).,WEIGHTED_PRIORITY
Part 5: Design the following (worth 10 pts).,WEIGHTED_PRIORITY
Compute the RegEx patterns using the provided dataset.,TECHNICAL_TASK
(15 points) Design the Euclidean distance.,WEIGHTED_PRIORITY
(20 points) Implement the RegEx patterns.,WEIGHTED_PRIORITY
Apply Design techniques to handle the imbalanced data.,TECHNICAL_TASK
Part 1: Analyze the following (worth 5 pts).,WEIGHTED_PRIORITY
Implement the CNN architecture using the provided dataset.,TECHNICAL_TASK
Bonus! (5 points): Add cosine similarity to your final output.,WEIGHTED_PRIORITY
Staple the long folder at the top-left corner before Pass at.,ADMIN_TRAP
Optimize the cosine similarity using the provided dataset.,TECHNICAL_TASK
(10 points) Optimize the TF-IDF matrix.,WEIGHTED_PRIORITY
Write a Python script to Compute the RegEx patterns.,TECHNICAL_TASK
Part 3: Analyze the following (worth 10 pts).,WEIGHTED_PRIORITY
Bonus! (15 points): Add DistilBERT weights to your final output.,WEIGHTED_PRIORITY
Part 1: Calculate the following (worth 20 pts).,WEIGHTED_PRIORITY
Design the RegEx patterns using the provided dataset.,TECHNICAL_TASK
Write a Python script to Analyze the Euclidean distance.,TECHNICAL_TASK
Part 4: Design the following (worth 50 pts).,WEIGHTED_PRIORITY
Analyze the RegEx patterns using the provided dataset.,TECHNICAL_TASK
Implement the TF-IDF matrix using the provided dataset.,TECHNICAL_TASK
(20 points) Optimize the cosine similarity.,WEIGHTED_PRIORITY
Part 3: Analyze the following (worth 15 pts).,WEIGHTED_PRIORITY
Maximum of 10 points for a correct cosine similarity implementation.,WEIGHTED_PRIORITY
(20 points) Design the Euclidean distance.,WEIGHTED_PRIORITY
Part 4: Optimize the following (worth 20 pts).,WEIGHTED_PRIORITY
Write a Python script to Analyze the cosine similarity.,TECHNICAL_TASK
Part 4: Compute the following (worth 10 pts).,WEIGHTED_PRIORITY
Part 2: Analyze the following (worth 15 pts).,WEIGHTED_PRIORITY
Maximum of 50 points for a correct RegEx patterns implementation.,WEIGHTED_PRIORITY
Write a Python script to Extract the TF-IDF matrix.,TECHNICAL_TASK
Part 5: Implement the following (worth 50 pts).,WEIGHTED_PRIORITY
Staple the intermediate pad at the top-left corner before Pass at.,ADMIN_TRAP
(15 points) Calculate the cosine similarity.,WEIGHTED_PRIORITY
Staple the short white folder at the top-left corner before Submit to.,ADMIN_TRAP
Analyze the DistilBERT weights using the provided dataset.,TECHNICAL_TASK
Part 1: Extract the following (worth 10 pts).,WEIGHTED_PRIORITY
(15 points) Analyze the cosine similarity.,WEIGHTED_PRIORITY
Maximum of 10 points for a correct CNN architecture implementation.,WEIGHTED_PRIORITY
(15 points) Analyze the RegEx patterns.,WEIGHTED_PRIORITY
(15 points) Visualize the TF-IDF matrix.,WEIGHTED_PRIORITY
Maximum of 10 points for a correct DistilBERT weights implementation.,WEIGHTED_PRIORITY
(50 points) Calculate the RegEx patterns.,WEIGHTED_PRIORITY
The deadline is strictly start of class; the LMS link will expire.,ADMIN_TRAP
Bonus! (15 points): Add Euclidean distance to your final output.,WEIGHTED_PRIORITY
(15 points) Implement the cosine similarity.,WEIGHTED_PRIORITY
Staple the one whole sheet of paper at the top-left corner before Hand over to.,ADMIN_TRAP
Optimize the DistilBERT weights using the provided dataset.,TECHNICAL_TASK
Part 5: Analyze the following (worth 50 pts).,WEIGHTED_PRIORITY
Part 5: Extract the following (worth 15 pts).,WEIGHTED_PRIORITY
Write a Python script to Implement the DistilBERT weights.,TECHNICAL_TASK
Write a Python script to Visualize the CNN architecture.,TECHNICAL_TASK
(5 points) Design the CNN architecture.,WEIGHTED_PRIORITY
(20 points) Analyze the RegEx patterns.,WEIGHTED_PRIORITY
Optimize the TF-IDF matrix using the provided dataset.,TECHNICAL_TASK
Part 1: Implement the following (worth 15 pts).,WEIGHTED_PRIORITY
Note: Upload via your work in a one whole sheet of paper.,ADMIN_TRAP
Part 1: Calculate the following (worth 15 pts).,WEIGHTED_PRIORITY
(10 points) Compute the TF-IDF matrix.,WEIGHTED_PRIORITY
(20 points) Extract the CNN architecture.,WEIGHTED_PRIORITY
Staple the one whole sheet of paper at the top-left corner before Turn in at.,ADMIN_TRAP
Visualize the CNN architecture using the provided dataset.,TECHNICAL_TASK
Part 1: Optimize the following (worth 50 pts).,WEIGHTED_PRIORITY
(5 points) Calculate the CNN architecture.,WEIGHTED_PRIORITY
Calculate the TF-IDF matrix using the provided dataset.,TECHNICAL_TASK
(20 points) Optimize the RegEx patterns.,WEIGHTED_PRIORITY
(5 points) Extract the cosine similarity.,WEIGHTED_PRIORITY
Part 4: Analyze the following (worth 5 pts).,WEIGHTED_PRIORITY
(15 points) Analyze the Euclidean distance.,WEIGHTED_PRIORITY
Part 3: Extract the following (worth 50 pts).,WEIGHTED_PRIORITY
Note: Hand over to your work in a A4 bond paper.,ADMIN_TRAP
(15 points) Design the CNN architecture.,WEIGHTED_PRIORITY
(50 points) Visualize the RegEx patterns.,WEIGHTED_PRIORITY
Write a Python script to Calculate the RegEx patterns.,TECHNICAL_TASK
(5 points) Optimize the DistilBERT weights.,WEIGHTED_PRIORITY
Maximum of 20 points for a correct CNN architecture implementation.,WEIGHTED_PRIORITY
(5 points) Extract the DistilBERT weights.,WEIGHTED_PRIORITY
(20 points) Implement the Euclidean distance.,WEIGHTED_PRIORITY
Write a Python script to Compute the CNN architecture.,TECHNICAL_TASK
Calculate the cosine similarity using the provided dataset.,TECHNICAL_TASK
Write a Python script to Design the Euclidean distance.,TECHNICAL_TASK
(5 points) Analyze the CNN architecture.,WEIGHTED_PRIORITY
Maximum of 5 points for a correct Euclidean distance implementation.,WEIGHTED_PRIORITY
Write a Python script to Analyze the RegEx patterns.,TECHNICAL_TASK
Part 4: Optimize the following (worth 50 pts).,WEIGHTED_PRIORITY
(15 points) Visualize the RegEx patterns.,WEIGHTED_PRIORITY
(50 points) Analyze the CNN architecture.,WEIGHTED_PRIORITY
(5 points) Analyze the DistilBERT weights.,WEIGHTED_PRIORITY
Part 4: Compute the following (worth 5 pts).,WEIGHTED_PRIORITY
Part 3: Design the following (worth 15 pts).,WEIGHTED_PRIORITY
Part 3: Calculate the following (worth 20 pts).,WEIGHTED_PRIORITY
Part 2: Analyze the following (worth 50 pts).,WEIGHTED_PRIORITY
Part 3: Optimize the following (worth 5 pts).,WEIGHTED_PRIORITY
Design the CNN architecture using the provided dataset.,TECHNICAL_TASK
Compute the cosine similarity using the provided dataset.,TECHNICAL_TASK
Part 5: Extract the following (worth 20 pts).,WEIGHTED_PRIORITY
Part 1: Implement the following (worth 50 pts).,WEIGHTED_PRIORITY
Write a Python script to Visualize the Euclidean distance.,TECHNICAL_TASK
Part 4: Visualize the following (worth 10 pts).,WEIGHTED_PRIORITY
Maximum of 15 points for a correct CNN architecture implementation.,WEIGHTED_PRIORITY
Part 4: Implement the following (worth 20 pts).,WEIGHTED_PRIORITY
(10 points) Optimize the cosine similarity.,WEIGHTED_PRIORITY
Part 4: Calculate the following (worth 5 pts).,WEIGHTED_PRIORITY
(10 points) Extract the cosine similarity.,WEIGHTED_PRIORITY
Staple the long folder at the top-left corner before Turn in at.,ADMIN_TRAP
(20 points) Analyze the DistilBERT weights.,WEIGHTED_PRIORITY
Write a Python script to Visualize the cosine similarity.,TECHNICAL_TASK
Part 4: Optimize the following (worth 5 pts).,WEIGHTED_PRIORITY
(20 points) Visualize the DistilBERT weights.,WEIGHTED_PRIORITY
Write a Python script to Design the DistilBERT weights.,TECHNICAL_TASK
(5 points) Extract the RegEx patterns.,WEIGHTED_PRIORITY
Part 2: Calculate the following (worth 15 pts).,WEIGHTED_PRIORITY
Part 3: Visualize the following (worth 15 pts).,WEIGHTED_PRIORITY
Visualize the cosine similarity using the provided dataset.,TECHNICAL_TASK
Part 3: Implement the following (worth 10 pts).,WEIGHTED_PRIORITY
Write a Python script to Analyze the TF-IDF matrix.,TECHNICAL_TASK
Analyze the TF-IDF matrix using the provided dataset.,TECHNICAL_TASK
Part 4: Compute the following (worth 15 pts).,WEIGHTED_PRIORITY
(15 points) Optimize the RegEx patterns.,WEIGHTED_PRIORITY
Part 3: Design the following (worth 20 pts).,WEIGHTED_PRIORITY
Bonus! (50 points): Add RegEx patterns to your final output.,WEIGHTED_PRIORITY
Staple the yellow pad at the top-left corner before Upload via.,ADMIN_TRAP
Part 2: Implement the following (worth 50 pts).,WEIGHTED_PRIORITY
(15 points) Optimize the DistilBERT weights.,WEIGHTED_PRIORITY
Extract the Euclidean distance using the provided dataset.,TECHNICAL_TASK
Part 5: Implement the following (worth 5 pts).,WEIGHTED_PRIORITY
Part 3: Implement the following (worth 20 pts).,WEIGHTED_PRIORITY
(5 points) Design the DistilBERT weights.,WEIGHTED_PRIORITY
(50 points) Design the RegEx patterns.,WEIGHTED_PRIORITY
Part 2: Design the following (worth 10 pts).,WEIGHTED_PRIORITY
(15 points) Extract the CNN architecture.,WEIGHTED_PRIORITY
Staple the one whole sheet of paper at the top-left corner before Upload via.,ADMIN_TRAP
Part 5: Optimize the following (worth 50 pts).,WEIGHTED_PRIORITY
(50 points) Optimize the CNN architecture.,WEIGHTED_PRIORITY
Part 2: Compute the following (worth 15 pts).,WEIGHTED_PRIORITY
(10 points) Visualize the cosine similarity.,WEIGHTED_PRIORITY
Apply Visualize techniques to handle the imbalanced data.,TECHNICAL_TASK
(15 points) Design the RegEx patterns.,WEIGHTED_PRIORITY
Visualize the TF-IDF matrix using the provided dataset.,TECHNICAL_TASK
Extract the TF-IDF matrix using the provided dataset.,TECHNICAL_TASK
Part 5: Extract the following (worth 5 pts).,WEIGHTED_PRIORITY
(10 points) Design the Euclidean distance.,WEIGHTED_PRIORITY
(15 points) Implement the DistilBERT weights.,WEIGHTED_PRIORITY
(50 points) Compute the TF-IDF matrix.,WEIGHTED_PRIORITY
(10 points) Calculate the RegEx patterns.,WEIGHTED_PRIORITY
Staple the long folder at the top-left corner before Upload via.,ADMIN_TRAP
(50 points) Design the DistilBERT weights.,WEIGHTED_PRIORITY
(50 points) Calculate the DistilBERT weights.,WEIGHTED_PRIORITY
Part 4: Visualize the following (worth 20 pts).,WEIGHTED_PRIORITY
Part 3: Optimize the following (worth 20 pts).,WEIGHTED_PRIORITY
(20 points) Visualize the cosine similarity.,WEIGHTED_PRIORITY
(5 points) Analyze the Euclidean distance.,WEIGHTED_PRIORITY
(15 points) Extract the Euclidean distance.,WEIGHTED_PRIORITY
Implement the DistilBERT weights using the provided dataset.,TECHNICAL_TASK
Write a Python script to Implement the RegEx patterns.,TECHNICAL_TASK
Part 4: Implement the following (worth 50 pts).,WEIGHTED_PRIORITY
Implement the RegEx patterns using the provided dataset.,TECHNICAL_TASK
Part 5: Analyze the following (worth 10 pts).,WEIGHTED_PRIORITY
Part 2: Calculate the following (worth 10 pts).,WEIGHTED_PRIORITY
(20 points) Optimize the DistilBERT weights.,WEIGHTED_PRIORITY
Part 5: Compute the following (worth 50 pts).,WEIGHTED_PRIORITY
Maximum of 15 points for a correct cosine similarity implementation.,WEIGHTED_PRIORITY
Analyze the cosine similarity using the provided dataset.,TECHNICAL_TASK
(5 points) Compute the TF-IDF matrix.,WEIGHTED_PRIORITY
Write a Python script to Extract the CNN architecture.,TECHNICAL_TASK
(10 points) Extract the DistilBERT weights.,WEIGHTED_PRIORITY
Part 5: Compute the following (worth 5 pts).,WEIGHTED_PRIORITY
Staple the short white folder at the top-left corner before Turn in at.,ADMIN_TRAP
Part 2: Implement the following (worth 5 pts).,WEIGHTED_PRIORITY
(5 points) Implement the CNN architecture.,WEIGHTED_PRIORITY
Part 2: Extract the following (worth 5 pts).,WEIGHTED_PRIORITY
Write a Python script to Optimize the TF-IDF matrix.,TECHNICAL_TASK
Part 1: Extract the following (worth 20 pts).,WEIGHTED_PRIORITY
(15 points) Compute the TF-IDF matrix.,WEIGHTED_PRIORITY
Part 4: Extract the following (worth 15 pts).,WEIGHTED_PRIORITY
(15 points) Extract the cosine similarity.,WEIGHTED_PRIORITY
Part 4: Compute the following (worth 50 pts).,WEIGHTED_PRIORITY
Part 3: Calculate the following (worth 50 pts).,WEIGHTED_PRIORITY
Part 1: Design the following (worth 5 pts).,WEIGHTED_PRIORITY
(5 points) Design the Euclidean distance.,WEIGHTED_PRIORITY
(15 points) Extract the TF-IDF matrix.,WEIGHTED_PRIORITY
(50 points) Analyze the cosine similarity.,WEIGHTED_PRIORITY
Write a Python script to Extract the Euclidean distance.,TECHNICAL_TASK
Part 2: Implement the following (worth 20 pts).,WEIGHTED_PRIORITY
Staple the intermediate pad at the top-left corner before Upload via.,ADMIN_TRAP
Part 3: Extract the following (worth 15 pts).,WEIGHTED_PRIORITY
Part 5: Design the following (worth 50 pts).,WEIGHTED_PRIORITY
(20 points) Calculate the Euclidean distance.,WEIGHTED_PRIORITY
(20 points) Visualize the RegEx patterns.,WEIGHTED_PRIORITY
Part 2: Visualize the following (worth 20 pts).,WEIGHTED_PRIORITY
Part 4: Extract the following (worth 50 pts).,WEIGHTED_PRIORITY
(10 points) Design the CNN architecture.,WEIGHTED_PRIORITY
Part 4: Calculate the following (worth 15 pts).,WEIGHTED_PRIORITY
Part 2: Analyze the following (worth 20 pts).,WEIGHTED_PRIORITY
Part 3: Calculate the following (worth 15 pts).,WEIGHTED_PRIORITY
(15 points) Visualize the Euclidean distance.,WEIGHTED_PRIORITY
(10 points) Compute the CNN architecture.,WEIGHTED_PRIORITY
Note: Hand over to your work in a long folder.,ADMIN_TRAP
Write a Python script to Compute the cosine similarity.,TECHNICAL_TASK
(15 points) Calculate the RegEx patterns.,WEIGHTED_PRIORITY
Part 1: Design the following (worth 20 pts).,WEIGHTED_PRIORITY
(15 points) Optimize the CNN architecture.,WEIGHTED_PRIORITY
Part 3: Analyze the following (worth 20 pts).,WEIGHTED_PRIORITY
Part 5: Extract the following (worth 10 pts).,WEIGHTED_PRIORITY
Extract the cosine similarity using the provided dataset.,TECHNICAL_TASK
Part 1: Extract the following (worth 50 pts).,WEIGHTED_PRIORITY
Optimize the Euclidean distance using the provided dataset.,TECHNICAL_TASK
Part 1: Optimize the following (worth 10 pts).,WEIGHTED_PRIORITY
(10 points) Extract the TF-IDF matrix.,WEIGHTED_PRIORITY
Part 4: Analyze the following (worth 10 pts).,WEIGHTED_PRIORITY
(5 points) Extract the CNN architecture.,WEIGHTED_PRIORITY
Part 2: Optimize the following (worth 5 pts).,WEIGHTED_PRIORITY
(15 points) Calculate the Euclidean distance.,WEIGHTED_PRIORITY
Part 5: Implement the following (worth 10 pts).,WEIGHTED_PRIORITY
Part 3: Optimize the following (worth 10 pts).,WEIGHTED_PRIORITY
Part 5: Optimize the following (worth 20 pts).,WEIGHTED_PRIORITY
(20 points) Design the CNN architecture.,WEIGHTED_PRIORITY
Part 5: Optimize the following (worth 10 pts).,WEIGHTED_PRIORITY
Part 3: Visualize the following (worth 5 pts).,WEIGHTED_PRIORITY
(15 points) Visualize the DistilBERT weights.,WEIGHTED_PRIORITY
Part 2: Optimize the following (worth 20 pts).,WEIGHTED_PRIORITY
(5 points) Visualize the cosine similarity.,WEIGHTED_PRIORITY
Part 4: Visualize the following (worth 50 pts).,WEIGHTED_PRIORITY
(20 points) Design the RegEx patterns.,WEIGHTED_PRIORITY
(20 points) Visualize the Euclidean distance.,WEIGHTED_PRIORITY
(5 points) Calculate the cosine similarity.,WEIGHTED_PRIORITY
(15 points) Extract the RegEx patterns.,WEIGHTED_PRIORITY
Part 2: Extract the following (worth 15 pts).,WEIGHTED_PRIORITY
(5 points) Optimize the Euclidean distance.,WEIGHTED_PRIORITY
